<?xml version="1.0" encoding="utf-8"?>
<odoo noupdate="1">

        <record id="category_hospital" model="ir.module.category">
            <field name="name">cgu_hospital</field>
            <field name="description">User access levels for the cgu_hospital</field>
            <field name="sequence">1</field>
        </record>

        <record id="group_hospital_user" model="res.groups">
            <field name="name">User</field>
            <field name="category_id" ref="category_hospital"/>
            <field name="comment">Users of the cgu_hospital</field>
        </record>

        <record id="group_hospital_admin" model="res.groups">
            <field name="name">Administrator</field>
            <field name="category_id" ref="category_hospital"/>
            <field name="implied_ids" eval="[(4, ref('group_hospital_user'))]"/>
            <field name="users" eval="[Command.link(ref('base.user_root')), Command.link(ref('base.user_admin'))]"/>
            <field name="comment">Administrators of the cgu_hospital (full rights)</field>
        </record>

</odoo>
