<?xml version="1.0" encoding="utf-8"?>
<odoo noupdate="False">
    <record id="speciality_demo_1" model="cgu_hospital.speciality">
        <field name="name">Teropevt</field>

        <field name="active" eval="True"/>
    </record>

    <record id="speciality_demo_2" model="cgu_hospital.speciality">
        <field name="name">Oculist</field>

        <field name="active" eval="True"/>
    </record>

    <record id="speciality_demo_3" model="cgu_hospital.speciality">
        <field name="name">Xerurg</field>

        <field name="active" eval="True"/>
    </record>

 </odoo>
